vid,predict
u5000,0.1545107567714021
u5001,0.4456042073690475
u5002,0.06839686384311645
u5003,0.006333286751374291
u5004,0.14624370552155974
u5005,0.0580910688875274
u5006,0.26701580453892215
u5007,0.4866679192911692
u5008,0.07466967902488059
u5009,0.13212911892839613
u5010,0.028486594747214773
u5011,0.006355176122746705
u5012,0.0035011205284083678
u5013,0.19539135016733167
u5014,0.003993494438174957
u5015,0.03973229336245215
u5016,0.0008874574928604737
u5017,0.42465967830712903
u5018,0.7073229360140166
u5019,0.014949046868882564
u5020,0.0035585067985045905
u5021,0.0013216612281726527
u5022,0.024649923583383155
u5023,0.8339723003252127
u5024,0.0020074871801209525
u5025,0.01004163798280669
u5026,0.002975674754911609
u5027,0.04125132553879951
u5028,0.11189619878462859
u5029,0.015033768669646752
u5030,0.008080886065642926
u5031,0.013639098529087483
u5032,0.006683355839598577
u5033,0.007598108959386503
u5034,0.7230223802628489
u5035,0.18349187363165184
u5036,0.0057335321164206105
u5037,0.01036902138762524
u5038,0.009088257168756433
u5039,0.0030525836667462
u5040,0.015030099704373762
u5041,0.6697391699241408
u5042,0.01954903399774808
u5043,0.013733261736243086
u5044,0.02729048356065984
u5045,0.08469370465838721
u5046,0.29247646298798685
u5047,0.03614802377430709
u5048,0.536508638560633
u5049,0.14411140917785906
u5050,0.0033933034232936734
u5051,0.051903472989751995
u5052,0.02888601197481667
u5053,0.179334117874059
u5054,0.6303731387825391
u5055,0.2798933455122984
u5056,0.01672916386053985
u5057,0.011076040515894713
u5058,0.003986598054903889
u5059,0.013891284696410593
u5060,0.04031540770854102
u5061,0.12383867249492128
u5062,0.0037730067963059263
u5063,0.7810618472657711
u5064,0.8437868766051648
u5065,0.10191647814929268
u5066,0.06448765169381929
u5067,0.002203189078756217
u5068,0.002662142426975465
u5069,0.005315866716307361
u5070,0.753928113466391
u5071,0.022484993157796045
u5072,0.011004755669102053
u5073,0.0066046757259987385
u5074,0.0010979740139850755
u5075,0.03748140783351783
u5076,0.0012922374223111079
u5077,0.001988640881414436
u5078,0.0027545255194750956
u5079,0.08798627184127995
u5080,0.01726483657577969
u5081,0.039497922149888974
u5082,0.009422948522779594
u5083,0.03170625278901011
u5084,0.962825310466892
u5085,0.0032247567995704086
u5086,0.007974840453453263
u5087,0.8874436840338131
u5088,0.031234958905858173
u5089,0.32598143211981256
u5090,0.03736774375410608
u5091,0.007550571068339778
u5092,0.20581688857717872
u5093,0.010621052705235052
u5094,0.010287870168265616
u5095,0.003785143245746349
u5096,0.00655253546338232
u5097,0.01960098923777147
u5098,0.004819857203082475
u5099,0.0035000097026123443
u5100,0.02711027836402535
u5101,0.7171212993415641
u5102,0.5259491823172521
u5103,0.6271001490978644
u5104,0.02058019572450285
u5105,0.05654868373374269
u5106,0.38927901939036114
u5107,0.08801633569231487
u5108,0.6256241587925512
u5109,0.9282750273042379
u5110,0.01669511752060456
u5111,0.025115353865927934
u5112,0.01495775336781448
u5113,0.0009148229257127699
u5114,0.022365678759683368
u5115,0.006806084455732442
u5116,0.0017092685085698107
u5117,0.0882306414568255
u5118,0.11580875596184122
u5119,0.1588232232256694
u5120,0.2534204416563687
u5121,0.5971263308198652
u5122,0.05184396394638994
u5123,0.27476135006874297
u5124,0.6772636765752301
u5125,0.943506505678051
u5126,0.7306681427087968
u5127,0.01401347815180652
u5128,0.002703624744425338
u5129,0.05982644162320505
u5130,0.0025407888529653307
u5131,0.12670888613965586
u5132,0.131492382955111
u5133,0.2529050223817088
u5134,0.021156469759822414
u5135,0.11737390880653051
u5136,0.024746569110239643
u5137,0.35624768011388736
u5138,0.022053527747583773
u5139,0.0059935247850393366
u5140,0.011970669087256166
u5141,0.02183349343855402
u5142,0.7380263374408416
u5143,0.7922496934247791
u5144,0.07398678819174219
u5145,0.11101411523314694
u5146,0.11524997646362627
u5147,0.7542750216735302
u5148,0.12449504199883302
u5149,0.8401766864048297
u5150,0.12080360082962072
u5151,0.8215267030884786
u5152,0.6248367452711849
u5153,0.6666189155001817
u5154,0.13243184527304333
u5155,0.9428912442248227
u5156,0.5115369411628728
u5157,0.0015629978252430779
u5158,0.004141919616059678
u5159,0.5630947519523593
u5160,0.041418878353189144
u5161,0.09502760286404167
u5162,0.030661673655055125
u5163,0.01721073575944513
u5164,0.006614151329755878
u5165,0.012051914005580444
u5166,0.025319503519969394
u5167,0.07192127836179976
u5168,0.3244805084427172
u5169,0.22131744247071006
u5170,0.031872058903499555
u5171,0.4793975934646424
u5172,0.024881016322523798
u5173,0.40741314243448595
u5174,0.004388049190140976
u5175,0.03747502330049677
u5176,0.1564766835775416
u5177,0.1533096480539287
u5178,0.16701049850546978
u5179,0.0035874206757369465
u5180,0.06438505868110074
u5181,0.0022993320792612424
u5182,0.9211557704490122
u5183,0.0024431112016272383
u5184,0.0016357530191747677
u5185,0.07652960665961193
u5186,0.016869577402793077
u5187,0.007497949601147823
u5188,0.010447270110442773
u5189,0.07789885152769682
u5190,0.06003759002638787
u5191,0.004236792651400416
u5192,0.7050500032122573
u5193,0.345534515641576
u5194,0.1407660562790357
u5195,0.028095157431741274
u5196,0.053989952905078624
u5197,0.013798088918518931
u5198,0.9323473504894014
u5199,0.04366504544978957
u5200,0.012974694756351001
u5201,0.008893728568422802
u5202,0.011821860836878575
u5203,0.0009319622271634209
u5204,0.17265230146353155
u5205,0.0017045209275947562
u5206,0.00585842131329733
u5207,0.42348598049488795
u5208,0.00594042322047721
u5209,0.09385282125378112
u5210,0.05534900157518853
u5211,0.0019648653193054034
u5212,0.19362780451635156
u5213,0.36865761022717713
u5214,0.0033665083248930303
u5215,0.2156243504962332
u5216,0.06905813923172391
u5217,0.6248329075030945
u5218,0.465244624005793
u5219,0.5102290993013008
u5220,0.01336237328465332
u5221,0.006495504651212055
u5222,0.019737458158545676
u5223,0.07274518772051111
u5224,0.032412281897302386
u5225,0.0009963821230080496
u5226,0.15070808965559315
u5227,0.1403878135283243
u5228,0.17091426542821125
u5229,0.01648014235634933
u5230,0.0073553662185489215
u5231,0.21516992502886614
u5232,0.13980789127159637
u5233,0.545785960955658
u5234,0.011659605582740483
u5235,0.03995735274597792
u5236,0.34610555066438287
u5237,0.0013493384112500334
u5238,0.03256007224192064
u5239,0.35435713022938686
u5240,0.05265963680251147
u5241,0.005464847392261243
u5242,0.01455972398185051
u5243,0.05464175497615861
u5244,0.09106775848262223
u5245,0.016078528236382884
u5246,0.009818416607146826
u5247,0.0006898425576357099
u5248,0.07932625012250089
u5249,0.013609048169395087
u5250,0.47076613067302925
u5251,0.3857696663137391
u5252,0.02376135036446285
u5253,0.0018150817451324246
u5254,0.031960808169122924
u5255,0.017645182139113272
u5256,0.062479979624438665
u5257,0.5242746166140603
u5258,0.4966588754492784
u5259,0.7437548739938206
u5260,0.035634801018057334
u5261,0.1457630629599451
u5262,0.026607140754794003
u5263,0.03140885602003778
u5264,0.07313934565068832
u5265,0.6352969610403971
u5266,0.8737748416955936
u5267,0.007661277107731792
u5268,0.004496526995823921
u5269,0.004641280218974404
u5270,0.7629981795920446
u5271,0.7691013060141046
u5272,0.12246317393510218
u5273,0.011309490263554748
u5274,0.03856601878596928
u5275,0.04088776691610992
u5276,0.4446094198175571
u5277,0.040766203165683
u5278,0.5479439881566237
u5279,0.3826064108553111
u5280,0.463992083883613
u5281,0.11623507486995675
u5282,0.00592182515472373
u5283,0.4579568341895781
u5284,0.004307547688282683
u5285,0.015037047901982285
u5286,0.04653888159132624
u5287,0.002498907454522126
u5288,0.000727864850594815
u5289,0.005691800520182424
u5290,0.011194909462908059
u5291,0.23227623745317438
u5292,0.008243274919507592
u5293,0.37497644054320095
u5294,0.7809630409521054
u5295,0.0701444258116467
u5296,0.02394527982171259
u5297,0.0050318273878058525
u5298,0.017728186084374296
u5299,0.011261061827207371
u5300,0.005875247733290609
u5301,0.8705543014616159
u5302,0.8544643248592676
u5303,0.0014258606579988268
u5304,0.03684183935714046
u5305,0.26174315106109497
u5306,0.2383334581332521
u5307,0.0034037261522213823
u5308,0.00795999993408685
u5309,0.022949412799229726
u5310,0.01776183086315275
u5311,0.004267740346423955
u5312,0.2902258706529173
u5313,0.0015553971278073097
u5314,0.002646582771801572
u5315,0.0719054927078184
u5316,0.90623798345251
u5317,0.014083096232031564
u5318,0.037316790491689206
u5319,0.025437475266168023
u5320,0.1091988825574026
u5321,0.9045077054818055
u5322,0.012541756991748752
u5323,0.05706375740923171
u5324,0.9123214762171256
u5325,0.8473316179521777
u5326,0.13278081880038675
u5327,0.027039051797770865
u5328,0.006532108002926544
u5329,0.10834311262389831
u5330,0.020351970423868743
u5331,0.0015761644695097422
u5332,0.873406306875393
u5333,0.3393343291482882
u5334,0.020045732738389898
u5335,0.00095903113796421
u5336,0.029021819767535987
u5337,0.01741626753719269
u5338,0.03368186215745008
u5339,0.03867874023008436
u5340,0.016536080102768344
u5341,0.0301416467283402
u5342,0.10494287309263436
u5343,0.022245330625857637
u5344,0.0064239848592299725
u5345,0.003823308956133205
u5346,0.7320358971415118
u5347,0.5706537425917498
u5348,0.4255964323359394
u5349,0.026947543306844658
u5350,0.008319206000783546
u5351,0.12351238548167083
u5352,0.002610035214827721
u5353,0.7080272564516931
u5354,0.6713067801644764
u5355,0.014260880495581635
u5356,0.06637373441269748
u5357,0.852921445753705
u5358,0.006297189565409445
u5359,0.6103626869059651
u5360,0.526358402756864
u5361,0.892748052737451
u5362,0.32440287190998973
u5363,0.00630852591077693
u5364,0.20940498966284737
u5365,0.012065768407001305
u5366,0.06662609123443503
u5367,0.1839442407836605
u5368,0.4333844741114307
u5369,0.3222374966812218
u5370,0.004238292037463753
u5371,0.020446883029556915
u5372,0.11293888089999031
u5373,0.6416666288665277
u5374,0.43157892476990073
u5375,0.26253378682008927
u5376,0.06763906031644414
u5377,0.11812037190417668
u5378,0.9614163491510974
u5379,0.4289859623272424
u5380,0.0070671753077995265
u5381,0.03307531349540914
u5382,0.7108197396095901
u5383,0.7149519398074871
u5384,0.040434908746817856
u5385,0.37233259573362626
u5386,0.39723912907401
u5387,0.22702806970166867
u5388,0.02650215083252086
u5389,0.5013403403898701
u5390,0.06663302263269716
u5391,0.025756806291954815
u5392,0.6243390566668363
u5393,0.37527961222974127
u5394,0.012839512945285646
u5395,0.6906284430387943
u5396,0.39689487375016447
u5397,0.8467072476581355
u5398,0.008028241116088491
u5399,0.6416052241093737
u5400,0.8084606590982428
u5401,0.006181960521392786
u5402,0.024137677689347697
u5403,0.019547910557188478
u5404,0.2503894438669197
u5405,0.1584650366361191
u5406,0.4243239909067003
u5407,0.6887956567897584
u5408,0.4948111575962573
u5409,0.7312794414317726
u5410,0.15477245073581203
u5411,0.48846573081415334
u5412,0.158634856928296
u5413,0.3151389060358338
u5414,0.9464234133590799
u5415,0.19910215966188774
u5416,0.026793438541613753
u5417,0.26275510967809995
u5418,0.042918235722972924
u5419,0.09639643445512301
u5420,0.02325776066936379
u5421,0.49436411708986455
u5422,0.01622529772285936
u5423,0.06731404306539573
u5424,0.8915591938816142
u5425,0.6750251321090199
u5426,0.0018809140267845186
u5427,0.0017689082180438697
u5428,0.22342456356623266
u5429,0.004820252416026148
u5430,0.7474866586195257
u5431,0.352350655710411
u5432,0.45463896940380866
u5433,0.03411596191054745
u5434,0.08721691562630277
u5435,0.09962144803457912
u5436,0.8738351910650183
u5437,0.8397168624284577
u5438,0.14020811268196096
u5439,0.22703946316716156
u5440,0.7876864196688012
u5441,0.8970145908424663
u5442,0.6243880611085553
u5443,0.20184494380167664
u5444,0.07785110147492406
u5445,0.03114579405198332
u5446,0.00243071949318251
u5447,0.039605845463087014
u5448,0.012608201191739814
u5449,0.38460807408430003
u5450,0.026467718496181965
u5451,0.466035654787741
u5452,0.0025102084139808894
u5453,0.3547567936968929
u5454,0.004929654453912
u5455,0.006049409102566207
u5456,0.30513963579261805
u5457,0.554375203020648
u5458,0.009378650387935488
u5459,0.013942457370754382
u5460,0.0020364179449820067
u5461,0.006352895208652496
u5462,0.006107045612528051
u5463,0.0006309943147826129
u5464,0.006741551913486069
u5465,0.5198425860581555
u5466,0.02157850315875555
u5467,0.028111473675870503
u5468,0.1985271862477892
u5469,0.027806797932188442
u5470,0.36758591432970716
u5471,0.20972473450724127
u5472,0.6217605045608317
u5473,0.4877884470036809
u5474,0.006823568200807871
u5475,0.7352992496517662
u5476,0.01231072550929094
u5477,0.002456983573680534
u5478,0.16658371313165146
u5479,0.019221128178544496
u5480,0.3239249077472555
u5481,0.21481877423530601
u5482,0.0012080194509935208
u5483,0.12117927375302434
u5484,0.0034873475429806036
u5485,0.0008191987547398783
u5486,0.4136005241439665
u5487,0.493344800595345
u5488,0.0053156377196626045
u5489,0.41431238047445357
u5490,0.3423465668236532
u5491,0.001205819220937839
u5492,0.9401317207760543
u5493,0.002014445056612703
u5494,0.0009118434036284058
u5495,0.003473025377408106
u5496,0.0092717654824925
u5497,0.000922861893445519
u5498,0.11429581525845846
u5499,0.01630096761335639
u5500,0.0011615028225607819
u5501,0.0016597986451733395
u5502,0.6789757918751413
u5503,0.5727197574787861
u5504,0.20445899616687307
u5505,0.5378007189926134
u5506,0.010001581838068836
u5507,0.29355093654222497
u5508,0.0050645049289458855
u5509,0.015307348486924902
u5510,0.005902254057319912
u5511,0.0037508284012981274
u5512,0.042538478711672836
u5513,0.35751194086220545
u5514,0.0033676175337763693
u5515,0.6194712883418461
u5516,0.07770076106663948
u5517,0.0031732100877891966
u5518,0.024120854911165404
u5519,0.7100411165474634
u5520,0.809779830098984
u5521,0.2828885629150818
u5522,0.06640751844610915
u5523,0.012612426337674348
u5524,0.0041341966543425
u5525,0.021286450832643553
u5526,0.5099057384826171
u5527,0.03111301403269696
u5528,0.02287835493764221
u5529,0.09085440331494256
u5530,0.013130173457160417
u5531,0.23315989986265975
u5532,0.3664161388257371
u5533,0.37440745526593533
u5534,0.03321275788483259
u5535,0.008421953812533356
u5536,0.003242382532609246
u5537,0.025964408671928414
u5538,0.002257672108903772
u5539,0.6038372845213551
u5540,0.5917349589358523
u5541,0.016006249318241912
u5542,0.06390191381405785
u5543,0.0441980753236247
u5544,0.011227333147202912
u5545,0.888488708949116
u5546,0.4811701609923321
u5547,0.014872106745001178
u5548,0.6773507812845213
u5549,0.02364086100350965
u5550,0.4978395193627215
u5551,0.0015126347448779491
u5552,0.054834938044193655
u5553,0.5977215745558282
u5554,0.7747960872613902
u5555,0.9761585483915171
u5556,0.7467140508737715
u5557,0.01473063277504528
u5558,0.146595103217654
u5559,0.007524244283085585
u5560,0.010596627966525291
u5561,0.16210947883616847
u5562,0.6711070904512493
u5563,0.0011070188226395977
u5564,0.001933028931833268
u5565,0.030936488336719987
u5566,0.10165040223147884
u5567,0.025055777783421815
u5568,0.7070370951275399
u5569,0.7376890336602565
u5570,0.10938165822534276
u5571,0.23375367428089616
u5572,0.033564961314547566
u5573,0.16817652650571993
u5574,0.24073509670211804
u5575,0.32757760989727824
u5576,0.7731753105438719
u5577,0.045900675250143436
u5578,0.0009606039193478579
u5579,0.8984245639659437
u5580,0.00853631540598676
u5581,0.007834682226911522
u5582,0.006568085225287973
u5583,0.9617368243932359
u5584,0.06694598084907047
u5585,0.0036938634333651597
u5586,0.00407377424816091
u5587,0.9273179598687769
u5588,0.9635252226353888
u5589,0.006584240224395642
u5590,0.020002433741940665
u5591,0.05417474957598369
u5592,0.03452646717659426
u5593,0.6485058794696679
u5594,0.04773373072864379
u5595,0.0009045911702156955
u5596,0.169833412948392
u5597,0.0030975465578191174
u5598,0.8985440777943443
u5599,0.9358347694850239
u5600,0.0026397839769702245
u5601,0.08186043425705176
u5602,0.08005449393809763
u5603,0.8859901606276215
u5604,0.0053833875873083485
u5605,0.018453796370684217
u5606,0.0006995224141454266
u5607,0.9804276913355064
u5608,0.8828800724155103
u5609,0.008423257564749514
u5610,0.004772119943584625
u5611,0.01338442935858757
u5612,0.0016689796667907833
u5613,0.986255105506691
u5614,0.003972096264724895
u5615,0.0026853975379681613
u5616,0.9183997136088635
u5617,0.23242908394475803
u5618,0.05846218494858991
u5619,0.9133699766805214
u5620,0.3267661350259392
u5621,0.029922280389195845
u5622,0.5103600249664553
u5623,0.004181309773033139
u5624,0.5222283659649506
u5625,0.17296962547936162
u5626,0.01531619356058718
u5627,0.0010388020774934647
u5628,0.010029061425822479
u5629,0.7398652838872519
u5630,0.14094537909446958
u5631,0.32104756926488004
u5632,0.04847513622479793
u5633,0.0038447119284646314
u5634,0.015793678797406847
u5635,0.9373724931385558
u5636,0.9203175634565591
u5637,0.0028584567046127246
u5638,0.10560887264068161
u5639,0.014026367087503424
u5640,0.177116045527961
u5641,0.027320606060384292
u5642,0.10772692425961264
u5643,0.9619328395422634
u5644,0.005020213712677129
u5645,0.0120273279382536
u5646,0.015709266943316674
u5647,0.0024357659485208056
u5648,0.1385884307813564
u5649,0.8918819617280285
u5650,0.8626237248227387
u5651,0.12944994127856113
u5652,0.003807514685931373
u5653,0.0014858255961971954
u5654,0.0016026279331102218
u5655,0.03283846286367466
u5656,0.11160943631589738
u5657,0.0027865015427410095
u5658,0.8532565269159925
u5659,0.03917574180026215
u5660,0.0019746184901680095
u5661,0.08113079458440701
u5662,0.4890025984235456
u5663,0.00972902196254932
u5664,0.02069506636772096
u5665,0.07217607465628352
u5666,0.3548924587877611
u5667,0.9549113022407952
u5668,0.002342105502495345
u5669,0.18051083818946498
u5670,0.0014130326809364427
u5671,0.0626792834456036
u5672,0.01629582570112428
u5673,0.019266112117900764
u5674,0.021111975976143272
u5675,0.7451385261765754
u5676,0.6047806412304155
u5677,0.0832967370198516
u5678,0.5017937487936109
u5679,0.016587665447910592
u5680,0.014600590949092012
u5681,0.463413489650458
u5682,0.0656860617308102
u5683,0.03868010672593895
u5684,0.0032704630614609274
u5685,0.012116158336124233
u5686,0.008593251415456254
u5687,0.3852989511333554
u5688,0.7768093210699171
u5689,0.6298637513359203
u5690,0.002996774378860073
u5691,0.2757418892854551
u5692,0.0017368020903063552
u5693,0.031381947654378614
u5694,0.26116807461137653
u5695,0.006378504322858571
u5696,0.0012547862784216825
u5697,0.05277044739290988
u5698,0.2657519073942939
u5699,0.950640495780972
u5700,0.00862237902341244
u5701,0.16256106316912206
u5702,0.0043683988530046226
u5703,0.001775177412400412
u5704,0.0019989465701498415
u5705,0.5130336062392878
u5706,0.13343166947949667
u5707,0.09638036260428023
u5708,0.00040682530733077106
u5709,0.001031601131596841
u5710,0.07209836106865487
u5711,0.037653534314764536
u5712,0.0392442507139573
u5713,0.3251605284747327
u5714,0.5558530915137749
u5715,0.6940879667289399
u5716,0.0028893767437355436
u5717,0.01496087968283338
u5718,0.031528275517021656
u5719,0.0016955808019629825
u5720,0.0020344985025632736
u5721,0.8796227189092071
u5722,0.010537362818446935
u5723,0.01034497562775618
u5724,0.01637651961277634
u5725,0.005243302077492915
u5726,0.9372585291765173
u5727,0.8467013507787404
u5728,0.26064876991829916
u5729,0.003946763998781842
u5730,0.12740527085818032
u5731,0.01282267405504577
u5732,0.012292369763576734
u5733,0.9381872738428297
u5734,0.012301039389354514
u5735,0.07040671633542554
u5736,0.008616928121908897
u5737,0.0009023312201149619
u5738,0.009538122870854763
u5739,0.9218114997541332
u5740,0.011034050059854522
u5741,0.2432752487588784
u5742,0.4061986485680469
u5743,0.015511976028153065
u5744,0.01401784038131097
u5745,0.007437767469573283
u5746,0.6299669114744963
u5747,0.6230408264348459
u5748,0.8173110796661506
u5749,0.8229309943288065
u5750,0.11478898627499744
u5751,0.031202344349749597
u5752,0.025196885463182113
u5753,0.04123611084834876
u5754,0.2532143533450956
u5755,0.00741835259353007
u5756,0.1353221384074105
u5757,0.9702334907510086
u5758,0.5340867950864635
u5759,0.6552559890210558
u5760,0.011765971696943172
u5761,0.10676539990328615
u5762,0.08317796095872526
u5763,0.09922916961405526
u5764,0.7645128921368822
u5765,0.007604128959610027
u5766,0.0011693558652018366
u5767,0.008063277690304715
u5768,0.0019581731459294136
u5769,0.003894792321846087
u5770,0.021693899022632114
u5771,0.034927580079831086
u5772,0.055306125841360215
u5773,0.793284912051565
u5774,0.17085554129838315
u5775,0.1794376807732391
u5776,0.014140721553933274
u5777,0.2508413385857707
u5778,0.020102627266212737
u5779,0.0016918015938732892
u5780,0.5710623954841124
u5781,0.004204606744319343
u5782,0.9478742320475517
u5783,0.6548779818190948
u5784,0.03152934427988992
u5785,0.01018944394774175
u5786,0.0033358410283744525
u5787,0.5864780301533546
u5788,0.43424273945989855
u5789,0.021796498524689286
u5790,0.0013560974692689472
u5791,0.06838373681127118
u5792,0.6447826726757223
u5793,0.0022938235823420773
u5794,0.8915823162200182
u5795,0.7572361130243208
u5796,0.027045077420994684
u5797,0.0046684764449762065
u5798,0.0060814642073021416
u5799,0.5193538917740745
u5800,0.011895035107610101
u5801,0.015055799452446122
u5802,0.5907486081920171
u5803,0.21619628226395474
u5804,0.13885854832652475
u5805,0.007571404326624784
u5806,0.5891661780726115
u5807,0.16271370629339482
u5808,0.11013931517799645
u5809,0.07710676649997783
u5810,0.10636307544712352
u5811,0.00037201438407621624
u5812,0.0031397868383572112
u5813,0.005090705992280057
u5814,0.13175254326174343
u5815,0.008859391125861765
u5816,0.00995332893561073
u5817,0.0367568461485908
u5818,0.0031801917051576694
u5819,0.18541159644658817
u5820,0.20801897256712917
u5821,0.0015502015949602655
u5822,0.01935049848944845
u5823,0.18082744946120827
u5824,0.1611918458764681
u5825,0.001716312400727726
u5826,0.14435942898101475
u5827,0.0021138723652586147
u5828,0.16676617382122513
u5829,0.17158508536256542
u5830,0.04687426165806435
u5831,0.5255745374775296
u5832,0.04595900137998718
u5833,0.03564944576791892
u5834,0.08008361601701779
u5835,0.6261820769359677
u5836,0.820650189051503
u5837,0.41301972839304635
u5838,0.011076459167215464
u5839,0.0021809436118515936
u5840,0.7123303088508219
u5841,0.04933297852444218
u5842,0.0016103404434670908
u5843,0.0022025222623646926
u5844,0.007570976230499945
u5845,0.5612043174019
u5846,0.009658177566639349
u5847,0.0008509124713997089
u5848,0.0006618350318438466
u5849,0.0009972541607743666
u5850,0.2055200781468401
u5851,0.005320824456203024
u5852,0.012761460996453613
u5853,0.13505521851506383
u5854,0.32989973730097444
u5855,0.00458295367946813
u5856,0.01389969177326861
u5857,0.06746199064320937
u5858,0.3438496128809722
u5859,0.70256299585097
u5860,0.01276284434329954
u5861,0.0013427141965127675
u5862,0.01774170713677379
u5863,0.26673057950267104
u5864,0.6070149601558907
u5865,0.314079553534213
u5866,0.35968880415380733
u5867,0.07941177403485865
u5868,0.32167210055851975
u5869,0.22035037329714194
u5870,0.08193519898400581
u5871,0.0003447080214910621
u5872,0.0013382129694907475
u5873,0.0011586308282534761
u5874,0.03718000391478243
u5875,0.41069531004481113
u5876,0.001091753185489902
u5877,0.004583102681091355
u5878,0.025019219024221974
u5879,0.008252911051330605
u5880,0.00037115698266906714
u5881,0.0077264726296888695
u5882,0.673952181618456
u5883,0.013098913840119897
u5884,0.6642056275680339
u5885,0.010071887973473864
u5886,0.08389771573315513
u5887,0.9768812787940179
u5888,0.0534304539200796
u5889,0.02304119875056733
u5890,0.0024230307667086923
u5891,0.03368937501157061
u5892,0.06983107648141683
u5893,0.0014882835158221653
u5894,0.0009939744288632606
u5895,0.263078356950561
u5896,0.725749570965576
u5897,0.000624842754136047
u5898,0.15911600584954486
u5899,0.0031454421314028452
u5900,0.03144012612866898
u5901,0.10775161004950762
u5902,0.17281427225625454
u5903,0.5278766607277707
u5904,0.07238069484154808
u5905,0.02561637852847171
u5906,0.05972668066888561
u5907,0.0073013393837364085
u5908,0.007576157475862458
u5909,0.6485276971574239
u5910,0.4133343076400398
u5911,0.0003479567316037684
u5912,0.002930167593234143
u5913,0.00945384512905113
u5914,0.004803786707324875
u5915,0.0712628709558142
u5916,0.003581306502492646
u5917,0.15317251892211284
u5918,0.07293695139119719
u5919,0.1674495957999785
u5920,0.004141306974236289
u5921,0.006897488546709658
u5922,0.015283910053840812
u5923,0.10513749849152806
u5924,0.011799202973312
u5925,0.20870284516062826
u5926,0.0016672431549617963
u5927,0.006460700544701152
u5928,0.01619812417336364
u5929,0.9282359004808901
u5930,0.12318349544453101
u5931,0.00871938490914533
u5932,0.02670832330881841
u5933,0.0064005658151247945
u5934,0.03486643193270167
u5935,0.03966584045439102
u5936,0.056952463959998686
u5937,0.029449483744326425
u5938,0.027579049299822057
u5939,0.02987436196578202
u5940,0.8480635607389692
u5941,0.002488439871118501
u5942,0.0021042450890313663
u5943,0.0008221617004046829
u5944,0.0005823274889748869
u5945,0.6107275349480548
u5946,0.04252428002532088
u5947,0.02623808385199085
u5948,0.021056222006049674
u5949,0.004806464567995933
u5950,0.0023149024703605445
u5951,0.0030193691917094244
u5952,0.0008340494663520988
u5953,0.00033033089568513467
u5954,0.006039881289019269
u5955,0.7066114186476447
u5956,0.5224161910372208
u5957,0.017749990495419178
u5958,0.016148539894329295
u5959,0.01919526475325363
u5960,0.8969029456366105
u5961,0.6658199129299036
u5962,0.003116692276714973
u5963,0.0062936353499170134
u5964,0.021851273625373546
u5965,0.007002588277174828
u5966,0.005422183700525932
u5967,0.6587877948440056
u5968,0.6601384330909691
u5969,0.3680376631892824
u5970,0.1044727715989364
u5971,0.0014075186534859485
u5972,0.44752499652690086
u5973,0.08617138984191382
u5974,0.020383749027524822
u5975,0.7562424751186232
u5976,0.14488344182903987
u5977,0.04128864928902542
u5978,0.009801463270641792
u5979,0.03324897971206277
u5980,0.005772195233515211
u5981,0.005568148542086082
u5982,0.4597708342803198
u5983,0.8066945357538607
u5984,0.9462215622698112
u5985,0.0071822232039695354
u5986,0.5564866579478901
u5987,0.03436451917901626
u5988,0.5144426374141562
u5989,0.004180669059406698
u5990,0.7538117780142821
u5991,0.503865149113701
u5992,0.7033752833482332
u5993,0.016632144646962912
u5994,0.12380892296263846
u5995,0.07061726964186905
u5996,0.0028728025818998814
u5997,0.7274684715932517
u5998,0.34811067026452475
u5999,0.025018430161673585
u6000,0.0005746344795359589
u6001,0.003766303310785398
u6002,0.5904325365736506
u6003,0.10203671095724795
u6004,0.0047116848934607445
u6005,0.05214414958859105
u6006,0.005904620657397607
u6007,0.28608371074887773
u6008,0.535557576409642
u6009,0.6153000521212139
u6010,0.0019190297432814633
u6011,0.029779086712512035
u6012,0.02954461364418185
u6013,0.00550299545322504
u6014,0.0009308352285649718
u6015,0.002621939274369917
u6016,0.000545011182017473
u6017,0.0011094612905753734
u6018,0.07784313025299244
u6019,0.00045203657537823855
u6020,0.005835291398368763
u6021,0.008241649157071141
u6022,0.007798144954893205
u6023,0.0007845623804697614
u6024,0.6871470318003123
u6025,0.5217014794880114
u6026,0.0227373146555333
u6027,0.018097697043835834
u6028,0.032312972836791694
u6029,0.004923658175313485
u6030,0.012127278236218283
u6031,0.1944613592685478
u6032,0.0008664329086623744
u6033,0.0462772513526095
u6034,0.011231263781347381
u6035,0.005276859353090617
u6036,0.14143283377452628
u6037,0.08826126804847716
u6038,0.0043131607483082295
u6039,0.008993504993389105
u6040,0.04474462665476123
u6041,0.29624251272089475
u6042,0.8938114456600739
u6043,0.0002534758285571178
u6044,0.002374413616610433
u6045,0.027791199158367336
u6046,0.03038930949235988
u6047,0.0050037109923122755
u6048,0.008246562282754418
u6049,0.5414832315675655
u6050,0.279334587695801
u6051,0.4477346397438052
u6052,0.010928696331622936
u6053,0.002973887941517301
u6054,0.003047610267939754
u6055,0.0380422136545153
u6056,0.03405264972322716
u6057,0.0013321934870616004
u6058,0.09598759314851299
u6059,0.0013051419474830433
u6060,0.016067794716285416
u6061,0.1586258311171179
u6062,0.055505191008051194
u6063,0.06297368609371758
u6064,0.0014127228177428111
u6065,0.0012591768498833827
u6066,0.006227392267878719
u6067,0.0008120506942222158
u6068,0.03157216651401322
u6069,0.3081985660320328
u6070,0.018179713109427332
u6071,0.023747770853373967
u6072,0.007102238655850682
u6073,0.006574196747016131
u6074,0.03180436785279623
u6075,0.03011837005655756
u6076,0.0012580403233186904
u6077,0.07139686298671677
u6078,0.5971162806341708
u6079,0.015212088190197832
u6080,0.0014093497791336934
u6081,0.0019611345486142432
u6082,0.011463519428201112
u6083,0.27413018769637226
u6084,0.7512493381505279
u6085,0.0065029836525911325
u6086,0.001121862996219454
u6087,0.6719131501761271
u6088,0.03441122844465911
u6089,0.001005186842284384
u6090,0.03965225384257598
u6091,0.017836273857665022
u6092,0.00039382490865967715
u6093,0.12784921270999622
u6094,0.751163669159509
u6095,0.6761967687628819
u6096,0.3788639382392319
u6097,0.026651848623912826
u6098,0.017210100107226636
u6099,0.8698482824013656
u6100,0.0012246319901305829
u6101,0.04065655749314988
u6102,0.0005886032052631235
u6103,0.13379843642907652
u6104,0.00203605144502556
u6105,0.03127450993681606
u6106,0.0346877962757265
u6107,0.3549032367403068
u6108,0.021256194470089727
u6109,0.1652074547586447
u6110,0.015975616257342503
u6111,0.0498920354577964
u6112,0.8083329679590884
u6113,0.00358869162049564
u6114,0.061376527022772326
u6115,0.012338648862002763
u6116,0.0399814263138607
u6117,0.004039150254597848
u6118,0.0009671632005014101
u6119,0.42275555167042833
u6120,0.012610745785039023
u6121,0.0062378889229454055
u6122,0.18863405295410743
u6123,0.004524227316167606
u6124,0.2857868492613959
u6125,0.017792054431342238
u6126,0.0028502008313258786
u6127,0.060520632156910475
u6128,0.1204265949141072
u6129,0.002468456770305358
u6130,0.03463147459965069
u6131,0.009541253643070024
u6132,0.003278064252814249
u6133,0.1319717786073018
u6134,0.08962523968424971
u6135,0.0021490994941686624
u6136,0.004422721597261186
u6137,0.9111118233294851
u6138,0.01862643126036144
u6139,0.001577871584926126
u6140,0.013129684950859179
u6141,0.03363679928805373
u6142,0.010082267316283046
u6143,0.00535709734109519
u6144,0.13459829762719344
u6145,0.975389663539977
u6146,0.3572247632193203
u6147,0.0005681668946387492
u6148,0.3564156842630059
u6149,0.032963152019326904
u6150,0.008028968892132251
u6151,0.004179234568738711
u6152,0.05115035155860233
u6153,0.06580565266576226
u6154,0.1050126040394652
u6155,0.0020057386201740354
u6156,0.09525554039562359
u6157,0.9000838686564808
u6158,0.001488951514036259
u6159,0.009339825427563836
u6160,0.01184771277980022
u6161,0.07042308058219637
u6162,0.004398038509484842
u6163,0.003171969019054697
u6164,0.00823203113818252
u6165,0.004713676974163105
u6166,0.015226438532819643
u6167,0.0009525622263839457
u6168,0.0006598523967404737
u6169,0.002528421906234999
u6170,0.8935699990845744
u6171,0.041960420879293255
u6172,0.5596029159219017
u6173,0.0022926419608021707
u6174,0.0014375872312127967
u6175,0.00038422223672803445
u6176,0.0022013644849331235
u6177,0.007945555769244493
u6178,0.007968380709395694
u6179,0.022924618824997096
u6180,0.0067476624748918695
u6181,0.026275319660402183
u6182,0.0009283711916604701
u6183,0.0029188173055158754
u6184,0.058866369239761
u6185,0.0008143797317704709
u6186,0.019852434294055723
u6187,0.029941974152291738
u6188,0.00517884086330933
u6189,0.09751310349101047
u6190,0.022902762530030943
u6191,0.003806558860825485
u6192,0.0009606839931769557
u6193,0.05395053813671868
u6194,0.002931157635899011
u6195,0.002391309812384543
u6196,0.35864400329363066
u6197,0.29452555522034846
u6198,0.01648699113887953
u6199,0.03897952459745974
u6200,0.0009088929841073997
u6201,0.010873500143016095
u6202,0.03759616123179051
u6203,0.0012178604728788362
u6204,0.019759768243140248
u6205,0.0015457350823173852
u6206,0.01226024041223967
u6207,0.016046982679245498
u6208,0.010862754277348632
u6209,0.005449808082746045
u6210,0.04068531809769505
u6211,0.7310576106740202
u6212,0.7814456637071919
u6213,0.7249607121614735
u6214,0.04671684325450041
u6215,0.014791578921877798
u6216,0.03674762050944769
u6217,0.0006663039699607537
u6218,0.040948775223605544
u6219,0.1501848707870224
u6220,0.05762358086595211
u6221,0.012231248855883517
u6222,0.0627368873131851
u6223,0.0010218148376783898
u6224,0.0344922651032668
u6225,0.20434761440656882
u6226,0.0008456249708522602
u6227,0.13774109073629878
u6228,0.0004942841057140066
u6229,0.002377626882028368
u6230,0.008660148663916612
u6231,0.04347273699282462
u6232,0.0066824966395228535
u6233,0.010689106337973575
u6234,0.9476972175413998
u6235,0.07957379447793549
u6236,0.011655281324920332
u6237,0.003313979632864519
u6238,0.022565445449167443
u6239,0.022053343418610684
u6240,0.004797676983305371
u6241,0.5643713263461341
u6242,0.40491938142347417
u6243,0.01000749157358394
u6244,0.016598467282590387
u6245,0.0015066046756218756
u6246,0.8744215415015817
u6247,0.015519084877952082
u6248,0.01735976638036686
u6249,0.0014308030601046565
u6250,0.0019652270098031253
u6251,0.2001521151729199
u6252,0.0034641742147195446
u6253,0.0025767978177162077
u6254,0.029400686365500046
u6255,0.7562311565542914
u6256,0.0027158331583107746
u6257,0.00047097341707077583
u6258,0.33316273335005286
u6259,0.10210501727259172
u6260,0.11984724460223357
u6261,0.010330326986339917
u6262,0.4805777359283852
u6263,0.49514060855494896
u6264,0.0010315928308711655
u6265,0.0013396367871251094
u6266,0.5736965613021792
u6267,0.0020822488941890788
u6268,0.09856487839518026
u6269,0.0010480263310021845
u6270,0.0076636984214992
u6271,0.006470684228172269
u6272,0.7229969837927134
u6273,0.05960600017762627
u6274,0.004842028574551094
u6275,0.33988539628431574
u6276,0.08975410943480483
u6277,0.0012925044858111555
u6278,0.14046157098026582
u6279,0.06557876696982096
u6280,0.6617753261015462
u6281,0.21710078896438964
u6282,0.0037800487054963925
u6283,0.12389771874697254
u6284,0.11164503965515149
u6285,0.0015067324815686359
u6286,0.19876920586977034
u6287,0.5414594805126028
u6288,0.001641859106900133
u6289,0.015585356827666659
u6290,0.00940915270061241
u6291,0.0025149888656582583
u6292,0.0010348874909528866
u6293,0.30960698360627603
u6294,0.0052978560879951685
u6295,0.19968905889899632
u6296,0.9091403604624965
u6297,0.03510029524475196
u6298,0.019770955849902017
u6299,0.5122135913921092
u6300,0.17298503226112216
u6301,0.005988390140194341
u6302,0.01421419695483101
u6303,0.0019362519760540945
u6304,0.011343566530290694
u6305,0.0015269336962902022
u6306,0.0013195515414964026
u6307,0.04604558635935716
u6308,0.013404468672689799
u6309,0.8847308863558281
u6310,0.007400528666061554
u6311,0.007101391946784502
u6312,0.01196437853713288
u6313,0.005614623956638433
u6314,0.03660093341952231
u6315,0.003224015634943355
u6316,0.04097346576475426
u6317,0.003289661172191072
u6318,0.14362725315044095
u6319,0.0005003068258675967
u6320,0.00617149946679904
u6321,0.0013574571876842545
u6322,0.003414546611768801
u6323,0.02018223889811842
u6324,0.18953508507687236
u6325,0.5351876517803232
u6326,0.16218485508226246
u6327,0.636330127886212
u6328,0.5698370760588266
u6329,0.03773052607069762
u6330,0.003378742067715024
u6331,0.01765970860692848
u6332,0.009686992829172757
u6333,0.957568474350631
u6334,0.5785690710440629
u6335,0.006252862072408725
u6336,0.003453920369631742
u6337,0.0034295185159943804
u6338,0.23338495706934526
u6339,0.05038522324793819
u6340,0.00030925250225514246
u6341,0.0834269171214987
u6342,0.0008860661719472331
u6343,0.8592934231472277
u6344,0.0011784823375908709
u6345,0.1673896258050341
u6346,0.06508528225478123
u6347,0.030993886568907215
u6348,0.0018451793740022703
u6349,0.0011261912964845911
u6350,0.07288838803935294
u6351,0.8485173563438818
u6352,0.0005237870053016419
u6353,0.2902465292613484
u6354,0.14188904846418415
u6355,0.4698303830096147
u6356,0.013151555977994984
u6357,0.9279177656322746
u6358,0.014864677638330302
u6359,0.0005198387926772035
u6360,0.045323746949471555
u6361,0.00563267355986279
u6362,0.03530842233709628
u6363,0.006790709724032133
u6364,0.34424232686962547
u6365,0.06414520455541171
u6366,0.010907019458712435
u6367,0.008463112605294216
u6368,0.0057490395536309
u6369,0.005276965912103957
u6370,0.002451322017379738
u6371,0.015673131287860277
u6372,0.0013856205165117474
u6373,0.0006435818879156793
u6374,0.05460959486339462
u6375,0.0005621816582326037
u6376,0.0030382757763838374
u6377,0.0012288952233423835
u6378,0.001322658282296282
u6379,0.001321173098160745
u6380,0.011365107618809439
u6381,0.06165018860727677
u6382,0.10048781838565445
u6383,0.0004165592826911902
u6384,0.002724178815700506
u6385,0.0025194251624686063
u6386,0.028704657751132616
u6387,0.01696943783608878
u6388,0.011947796655805951
u6389,0.006228968747261011
u6390,0.0019868321446469116
u6391,0.0028326455850385132
u6392,0.0009490773443862468
u6393,0.042326362485526674
u6394,0.0017735102328543086
u6395,0.042731593886041565
u6396,0.0009515305832957049
u6397,0.01667809452775065
u6398,0.016128435129352168
u6399,0.007030926749083705
u6400,0.04260008360136738
u6401,0.0005759935273520421
u6402,0.000495910890607313
u6403,0.002660919592525057
u6404,0.8958255989477799
u6405,0.9418923539929951
u6406,0.0031587676182418555
u6407,0.18075792833840404
u6408,0.0049957464998249546
u6409,0.139248930377988
u6410,0.006296354324974056
u6411,0.02170281832217048
u6412,0.008179872168931315
u6413,0.03370378791127996
u6414,0.05680853917093079
u6415,0.6138583841247496
u6416,0.10785074679390101
u6417,0.2540631125349125
u6418,0.01354303438294786
u6419,0.012810898855992714
u6420,0.001493882168180134
u6421,0.6107962050338447
u6422,0.709002948269898
u6423,0.016920411848279596
u6424,0.06543697235524823
u6425,0.005830515823203779
u6426,0.015427195323523893
u6427,0.08008112220501996
u6428,0.12521220879840994
u6429,0.6898362850559673
u6430,0.004570594359342542
u6431,0.004608561119043676
u6432,0.0028205056377945013
u6433,0.0020800963722225735
u6434,0.1348942000822312
u6435,0.7779410354356703
u6436,0.05254916604674203
u6437,0.001354162199828452
u6438,0.016183919753717965
u6439,0.0049650345412322865
u6440,0.04140234283511539
u6441,0.004762996330413883
u6442,0.001578599200556714
u6443,0.00847306177238398
u6444,0.022056144551711256
u6445,0.0004983384207507951
u6446,0.007831154784876376
u6447,0.038471985998086516
u6448,0.005247245090516463
u6449,0.30238277468912705
u6450,0.00027282962862593
u6451,0.01854136808648674
u6452,0.0004939510135779702
u6453,0.018827996974583063
u6454,0.002206560607937313
u6455,0.0012457044375172592
u6456,0.8989673022807557
u6457,0.0010419013551697179
u6458,0.002766766015519053
u6459,0.002145675917970808
u6460,0.13220366692850624
u6461,0.008288701759034692
u6462,0.0018274525400463616
u6463,0.00046245799394287304
u6464,0.11667439866629073
u6465,0.006176825305592602
u6466,0.6566597807953634
u6467,0.0005833391936532154
u6468,0.0007958738956192969
u6469,0.0032045255266957063
u6470,0.04158402974071803
u6471,0.022188358850480035
u6472,0.18317430822392985
u6473,0.0008410259547525003
u6474,0.001215690938021087
u6475,0.028542846941360247
u6476,0.06092562301506012
u6477,0.34995794071973235
u6478,0.17521421225222852
u6479,0.006035027936735462
u6480,0.0017116753381788427
u6481,0.0005975530837581117
u6482,0.0005152915880577149
u6483,0.0012727082187320034
u6484,0.00027942141702105015
u6485,0.08026075740869748
u6486,0.8132397311357189
u6487,0.8485015999950174
u6488,0.2375098890044597
u6489,0.005892690508091813
u6490,0.18308783109226526
u6491,0.04277794161129993
u6492,0.06521816617226063
u6493,0.7998038615624613
u6494,0.12423317780429918
u6495,0.0024026538663267545
u6496,0.0037019187078422685
u6497,0.08323673920023554
u6498,0.33295826838477544
u6499,0.07155402639803013
u6500,0.26600157093974575
u6501,0.1538251557561497
u6502,0.0031788844148502794
u6503,0.020977751546971943
u6504,0.07110472466597177
u6505,0.011387656240750756
u6506,0.04960572813034782
u6507,0.006743986553266469
u6508,0.005384074722785644
u6509,0.043619847917044936
u6510,0.0043221358420458605
u6511,0.02617174292028509
u6512,0.02399398610920259
u6513,0.06811548084203518
u6514,0.058851917616291896
u6515,0.0008647514774107464
u6516,0.026523734736784224
u6517,0.011116224720666005
u6518,0.0004972556731146238
u6519,0.04558811287930832
u6520,0.0046753317642424215
u6521,0.11561574628678153
u6522,0.0011144941336847162
u6523,0.010639829339603874
u6524,0.45185283846917934
u6525,0.009418828866080756
u6526,0.015643413025221303
u6527,0.08866054952645053
u6528,0.01905388368395132
u6529,0.027592453235028604
u6530,0.005241209136882804
u6531,0.017877589135938232
u6532,0.03281433125554683
u6533,0.07414209080884059
u6534,0.011914619634429649
u6535,0.0688978578999299
u6536,0.016000329953638585
u6537,0.527102917635942
u6538,0.6279255561936681
u6539,0.016154772231776696
u6540,0.0010617949955383863
u6541,0.0032415068898228464
u6542,0.1626823572219278
u6543,0.0017064380893269818
u6544,0.0014068767690640098
u6545,0.05966748634083899
u6546,0.0014916003870903702
u6547,0.7774312082585596
u6548,0.003100647709959841
u6549,0.0012715224491112462
u6550,0.03451050897518442
u6551,0.04672893676937784
u6552,0.7895793079681273
u6553,0.9487613567177514
u6554,0.03093489605600631
u6555,0.025557552274463782
u6556,0.0011557682144552536
u6557,0.0027574409689783007
u6558,0.011824859421102764
u6559,0.6563881413196068
u6560,0.1257609449946533
u6561,0.3859932004709475
u6562,0.00782208538564516
u6563,0.01493726009173476
u6564,0.0017389298555673571
u6565,0.018411067909078618
u6566,0.007595708710292258
u6567,0.0006880599119059719
u6568,0.013278846068843105
u6569,0.8757251355308886
u6570,0.027626385998316755
u6571,0.001048861187513275
u6572,0.0009987952120388416
u6573,0.0015941881695383452
u6574,0.27001661930881504
u6575,0.0017901999216627276
u6576,0.4467599157096407
u6577,0.0009848478660666239
u6578,0.026908770159447495
u6579,0.01738920899471002
u6580,0.0018133466911102996
u6581,0.402589469580309
u6582,0.4256134102052133
u6583,0.07497906276978097
u6584,0.002379535313390643
u6585,0.008610057985965548
u6586,0.19760204326941955
u6587,0.024890638429346336
u6588,0.31700248623854504
u6589,0.028857061362607482
u6590,0.0017292224509616399
u6591,0.031232594413689148
u6592,0.006230354716750896
u6593,0.11444705951257583
u6594,0.35267305702172924
u6595,0.07888340552714464
u6596,0.0022666410273062335
u6597,0.000992555803728474
u6598,0.002124757693557438
u6599,0.003970532910567717
u6600,0.002918045236834779
u6601,0.010496027096341133
u6602,0.0008271759388255303
u6603,0.0005666144066055816
u6604,0.8655126778094316
u6605,0.6664429646963678
u6606,0.00020956391494364834
u6607,0.0017755375996014258
u6608,0.0137822307734863
u6609,0.0217672655166212
u6610,0.0008417623537585519
u6611,0.018526371535071837
u6612,0.8108056942509039
u6613,0.5437131514966108
u6614,0.004084576230244978
u6615,0.03686857145623933
u6616,0.6111747578096037
u6617,0.006529190061496589
u6618,0.0014651535701369987
u6619,0.002392192998124315
u6620,0.014501081653821527
u6621,0.0021133585516076876
u6622,0.2385138554656903
u6623,0.007148283541807521
u6624,0.7578366620508471
u6625,0.0002061036832086034
u6626,0.009605595292841393
u6627,0.044647239857217656
u6628,0.00026692767519558095
u6629,0.012012573764095624
u6630,0.015660549394357057
u6631,0.04483761174355197
u6632,0.08087052617682074
u6633,0.28599299423675933
u6634,0.11065943005410031
u6635,0.1193995238585994
u6636,0.049096905004635816
u6637,0.5808265930572724
u6638,0.6581876629381691
u6639,0.9447985187369707
u6640,0.0011759209038671012
u6641,0.5938929860028376
u6642,0.0015357819816797403
u6643,0.004008220920082541
u6644,0.6249191345287373
u6645,0.009193835142849816
u6646,0.004524591227353835
u6647,0.004315703750259513
u6648,0.0012061374657522134
u6649,0.0017195104431165773
u6650,0.0005181326317614046
u6651,0.0022578472621356312
u6652,0.010694543169896823
u6653,0.6930899155700366
u6654,0.00019570505582283747
u6655,0.0010590912244433737
u6656,0.07968195437906007
u6657,0.014049791792857523
u6658,0.002763804827243837
u6659,0.004877904640470817
u6660,0.01157321102575191
u6661,0.0012099457553782476
u6662,0.01942314093893342
u6663,0.04224510701610576
u6664,0.9184269837807454
u6665,0.6175495439252825
u6666,0.002500223843599825
u6667,0.037034072053774514
u6668,0.018457915353833988
u6669,0.0019280301711399248
u6670,0.003861528736961142
u6671,0.006205420467333428
u6672,0.011670692078798329
u6673,0.8143787337910967
u6674,0.0458182809402189
u6675,0.007355395897924578
u6676,0.005944767933612626
u6677,0.0025334641474959226
u6678,0.0006993029903494696
u6679,0.003181992929032508
u6680,0.04084696690874477
u6681,0.0007447047485085275
u6682,0.09935036192517763
u6683,0.01559651246253049
u6684,0.8456861101345373
u6685,0.06414048932800308
u6686,0.6160945178830409
u6687,0.016767353397490456
u6688,0.006521455710737807
u6689,0.00768602241390335
u6690,0.30739762191447145
u6691,0.6271531114302198
u6692,0.00848417646426509
u6693,0.5363740832935969
u6694,0.014883881176972029
u6695,0.9178221376558889
u6696,0.1102066082187878
u6697,0.807927687194702
u6698,0.008834935473405163
u6699,0.49374884591550217
u6700,0.07200853164353423
u6701,0.147478825317952
u6702,0.8347833683206606
u6703,0.6005501468280462
u6704,0.0012504371717350685
u6705,0.0046134839491225686
u6706,0.007009734677773465
u6707,0.04099282913400581
u6708,0.047153282486125325
u6709,0.007039009235635182
u6710,0.0037544121758523214
u6711,0.0004502054506739725
u6712,0.0011827093330757884
u6713,0.0013652046806811515
u6714,0.1854954458178865
u6715,0.8135719357627631
u6716,0.0028876785836387934
u6717,0.01145217931899036
u6718,0.000566449299583189
u6719,0.04673485080869226
u6720,0.010073948458546627
u6721,0.8270580812640137
u6722,0.13546169542410233
u6723,0.0020396164101320045
u6724,0.003953264539833646
u6725,0.0011655613345318725
u6726,0.010314253468284683
u6727,0.01200934752245305
u6728,0.029546834321036698
u6729,0.8716043784722417
u6730,0.22131975871750664
u6731,0.03490759314931822
u6732,0.015700591418771764
u6733,0.007687285961858002
u6734,0.002877665027350489
u6735,0.010782154334093451
u6736,0.8139372032384778
u6737,0.0030079377978453866
u6738,0.0025641457044726468
u6739,0.05931160094409258
u6740,0.008007789856274317
u6741,0.09748439082557142
u6742,0.005546866736203482
u6743,0.015060099023887418
u6744,0.0010600636782054453
u6745,0.7954394696648649
u6746,0.44205995810521564
u6747,0.4966119632215254
u6748,0.0017744176922014332
u6749,0.00408735744017244
u6750,0.025467217246258472
u6751,0.037379801797960986
u6752,0.01228206693052487
u6753,0.006684858512591058
u6754,0.015998484435480263
u6755,0.002881815178203824
u6756,0.0014012971216522578
u6757,0.007969056512884334
u6758,0.8022374826311311
u6759,0.06674901689012354
u6760,0.044967128600410695
u6761,0.0007873274600654949
u6762,0.019038781890041236
u6763,0.0013020806478094146
u6764,0.0029248940026072355
u6765,0.31919557113849145
u6766,0.0031979539653616187
u6767,0.0010254447254185904
u6768,0.028608018751411612
u6769,0.04682234343587243
u6770,0.07293121559877204
u6771,0.48283237935719403
u6772,0.07578484369040207
u6773,0.6676478677853345
u6774,0.14473876164612723
u6775,0.0028207861353489504
u6776,0.03123840012270113
u6777,0.043874439441036854
u6778,0.019216919198734136
u6779,0.4227013360653764
u6780,0.027738401425070607
u6781,0.23019034963450435
u6782,0.058000882630336384
u6783,0.004839688888596948
u6784,0.0025660729533421964
u6785,0.30574975325156073
u6786,0.7131244729118512
u6787,0.9124215166508138
u6788,0.4331285954101027
u6789,0.9183157644209973
u6790,0.5181052376906098
u6791,0.8519442782096687
u6792,0.62105482056146
u6793,0.148183456722376
u6794,0.01616524252227896
u6795,0.005707457873078288
u6796,0.000778203014413898
u6797,0.6195094479436742
u6798,0.7178838318418034
u6799,0.00808339272817376
u6800,0.005693956112617457
u6801,0.012057556651422937
u6802,0.16646416583106094
u6803,0.037894090846402044
u6804,0.7574437162438811
u6805,0.78770944673061
u6806,0.01139041072216717
u6807,0.0559073215958738
u6808,0.055210196998373755
u6809,0.04152572033952499
u6810,0.0025292178852302886
u6811,0.9058642232022978
u6812,0.36450556397381795
u6813,0.3393094667503686
u6814,0.003102211766589212
u6815,0.050687688737842844
u6816,0.5512100530276329
u6817,0.041969514384544764
u6818,0.6281517394917899
u6819,0.37820514839375236
u6820,0.8780651845129928
u6821,0.2908154325263291
u6822,0.009770894106976633
u6823,0.02970894073011258
u6824,0.24058457937850958
u6825,0.003907782670013813
u6826,0.004142612771861946
u6827,0.033236915973152384
u6828,0.7899439390302305
u6829,0.7545325354438389
u6830,0.03876352791823163
u6831,0.07551309635864133
u6832,0.054165996019810925
u6833,0.05736471296486957
u6834,0.007956831767326162
u6835,0.019039436756554905
u6836,0.00972846645476854
u6837,0.020765387163641787
u6838,0.04459540398679074
u6839,0.11967370761246335
u6840,0.0016808585983704829
u6841,0.00951970213656415
u6842,0.029776877991591937
u6843,0.03724630194584158
u6844,0.44181967065091765
u6845,0.021075520336298975
u6846,0.01302786436451576
u6847,0.003995640195325779
u6848,0.15189185100221303
u6849,0.001571870275114283
u6850,0.03665103984242483
u6851,0.2174564471626429
u6852,0.008871259058847086
u6853,0.03848750012455352
u6854,0.8757264033986468
u6855,0.8899070529724638
u6856,0.035830196152179715
u6857,0.018555599078429498
u6858,0.04537079510887036
u6859,0.10900852378034152
u6860,0.03672011423601462
u6861,0.18826640159862681
u6862,0.00862322986918207
u6863,0.08892596197741266
u6864,0.12943671903199883
u6865,0.6196834728677691
u6866,0.5856256398625449
u6867,0.006400298096587108
u6868,0.02504526785999809
u6869,0.004932551549900466
u6870,0.0002953327811083912
u6871,0.8953772505367926
u6872,0.9440873724896401
u6873,0.0067993552511257755
u6874,0.006301392336429931
u6875,0.0022960635684865535
u6876,0.015056021573154629
u6877,0.6381150162935925
u6878,0.03804363804894482
u6879,0.0037460974256184783
u6880,0.035641250746029356
u6881,0.16865454907069669
u6882,0.04016539894481739
u6883,0.7946679173250346
u6884,0.8960197725164055
u6885,0.041679068721926865
u6886,0.4633160763560372
u6887,0.0005974913990735264
u6888,0.0015052835037744781
u6889,0.008022006127198503
u6890,0.6245992899989861
u6891,0.8452471433510115
u6892,0.13698937332827846
u6893,0.0009420815731848054
u6894,0.0243416123158588
u6895,0.010011317910987059
u6896,0.023822990170359125
u6897,0.9476858553088726
u6898,0.7236704466649416
u6899,0.008279159367524887
u6900,0.0016654722122682528
u6901,0.010571441975812695
u6902,0.0027073754259763186
u6903,0.8205585531167985
u6904,0.017525315194655777
u6905,0.005595865459027801
u6906,0.006793449722635131
u6907,0.0035982635029829972
u6908,0.002151849288044143
u6909,0.09067498366509552
u6910,0.1326797033399799
u6911,0.03026357071273111
u6912,0.0038793440447191753
u6913,0.03400648634067289
u6914,0.0016290615965542342
u6915,0.36027968651924414
u6916,0.00741447842601181
u6917,0.017154604244302634
u6918,0.25032681848298693
u6919,0.6958515266460392
u6920,0.0037458016717623324
u6921,0.33183980819228154
u6922,0.1418690568874901
u6923,0.009812160721317654
u6924,0.003927530700247753
u6925,0.04286457990544874
u6926,0.0267565942266041
u6927,0.3386019656956103
u6928,0.805498987160023
u6929,0.0020144452961311844
u6930,0.0014914367241786505
u6931,0.017509213400910547
u6932,0.003464996480507822
u6933,0.007458434643778364
u6934,0.009856956412272484
u6935,0.00038716961973965454
u6936,0.0021071996586092077
u6937,0.0056374375379785145
u6938,0.7436710494181914
u6939,0.20146173351848182
u6940,0.0046232183283984865
u6941,0.8027272992571985
u6942,0.0017872258569462214
u6943,0.0012843701639628923
u6944,0.032785682455031426
u6945,0.009924691354689224
u6946,0.020785263266941842
u6947,0.004824652117844446
u6948,0.0018414856734672608
u6949,0.8137114929483633
u6950,0.07579843738704053
u6951,0.6778150815183935
u6952,0.014888304024736964
u6953,0.1708696440664563
u6954,0.01318191555006148
u6955,0.01492951966925625
u6956,0.04315540115790839
u6957,0.0007372651951293434
u6958,0.04393141161532667
u6959,0.48436417666770265
u6960,0.794724273396154
u6961,0.943993438164489
u6962,0.0009702931896843451
u6963,0.9372162052525016
u6964,0.029158193782785884
u6965,0.0014598742389397201
u6966,0.14993039780928408
u6967,0.15671498628074998
u6968,0.19946184436471673
u6969,0.09718337368820534
u6970,0.5908578547390344
u6971,0.0006279955820916382
u6972,0.33833599118374896
u6973,0.009014123362091703
u6974,0.029035047278534586
u6975,0.0007377422763994888
u6976,0.006428141657877268
u6977,0.026367247839264175
u6978,0.0058137526723420875
u6979,0.14033687529536612
u6980,0.015219034877313098
u6981,0.0025822800367026177
u6982,0.0019567490262244044
u6983,0.001154061899529687
u6984,0.00038913947080772244
u6985,0.2019606980595253
u6986,0.022991889634141907
u6987,0.0007725963487779788
u6988,0.003726318018853351
u6989,0.02057886174134238
u6990,0.009534619845095049
u6991,0.11519517025829154
u6992,0.26421460084250475
u6993,0.06475949311864251
u6994,0.6828188489259462
u6995,0.8881819615306908
u6996,0.0064973696548743624
u6997,0.002429491060051634
u6998,0.12091179428695915
u6999,0.004411556984698269
